{"cameraMode":{"drawMode":0,"name":"Shaded","section":"Shading Mode"},"sceneLighting":true,"audioPlay":false,"sceneViewState":{"showFog":false,"showMaterialUpdate":false,"showSkybox":true,"showFlares":true,"showImageEffects":true,"showParticleSystems":true},"in2DMode":false,"pivot":{"x":-27.472911834716798,"y":-11.951210021972657,"z":-34.966880798339847},"rotation":{"x":0.22983720898628236,"y":0.27991795539855959,"z":-0.06921324878931046,"w":0.9295358657836914},"size":19.77149200439453,"orthographic":false}