{"cameraMode":{"drawMode":0,"name":"Shaded","section":"Shading Mode"},"sceneLighting":true,"audioPlay":false,"sceneViewState":{"showFog":false,"showMaterialUpdate":false,"showSkybox":true,"showFlares":true,"showImageEffects":true,"showParticleSystems":true},"in2DMode":false,"pivot":{"x":-27.235931396484376,"y":-9.862750053405762,"z":-33.980865478515628},"rotation":{"x":0.178395614027977,"y":0.2748473286628723,"z":-0.05197560414671898,"w":0.9433658719062805},"size":20.70313262939453,"orthographic":false}